time,pitch,pitch_filt
0.156,-11.3475, -11.3888
0.160,-11.3040, -11.3738
0.164,-11.2520, -11.3505
0.168,-11.1912, -11.3177
0.172,-11.1236, -11.2762
0.176,-11.0484, -11.2255
0.180,-10.9689, -11.1664
0.184,-10.8840, -11.0999
0.188,-10.7943, -11.0269
0.192,-10.7012, -10.9480
0.196,-10.6071, -10.8641
0.200,-10.5007, -10.7759
0.204,-10.4139, -10.6837
0.208,-10.3016, -10.5886
0.212,-10.2034, -10.4911
0.216,-10.0951, -10.3917
0.220,-9.9847, -10.2901
0.224,-9.8722, -10.1869
0.228,-9.7579, -10.0796
0.232,-9.6415, -9.9710
0.236,-9.5230, -9.8590
0.240,-9.4029, -9.7450
0.244,-9.2804, -9.6290
0.248,-9.1568, -9.5111
0.252,-9.0353, -9.3913
0.256,-8.9171, -9.2703
0.260,-8.7993, -9.1490
0.264,-8.6829, -9.0282
0.268,-8.5642, -8.9089
0.272,-8.4444, -8.7907
0.276,-8.3249, -8.6730
0.280,-8.2045, -8.5549
0.284,-8.0818, -8.4362
0.288,-7.9582, -8.3163
0.292,-7.8333, -8.1956
0.296,-7.7042, -8.0737
0.300,-7.5648, -7.9498
0.304,-7.4433, -7.8236
0.308,-7.2894, -7.6948
0.312,-7.1616, -7.5629
0.316,-7.0215, -7.4285
0.320,-6.8791, -7.2921
0.324,-6.7339, -7.1549
0.328,-6.5867, -7.0146
0.332,-6.4399, -6.8743
0.336,-6.2929, -6.7303
0.340,-6.1467, -6.5848
0.344,-6.0025, -6.4386
0.348,-5.8600, -6.2924
0.352,-5.7190, -6.1472
0.356,-5.5774, -6.0031
0.360,-5.4411, -5.8604
0.364,-5.3069, -5.7194
0.368,-5.1757, -5.5802
0.372,-5.0471, -5.4433
0.376,-4.9209, -5.3091
0.380,-4.7995, -5.1779
0.384,-4.6798, -5.0495
0.388,-4.5663, -4.9241
0.392,-4.4558, -4.8021
0.396,-4.3509, -4.6837
0.400,-4.2492, -4.5695
0.404,-4.1475, -4.4592
0.408,-4.0640, -4.3533
0.412,-3.9617, -4.2515
0.416,-3.8822, -4.1537
0.420,-3.7975, -4.0596
0.424,-3.7182, -3.9691
0.428,-3.6411, -3.8827
0.432,-3.5661, -3.7986
0.436,-3.4947, -3.7193
0.440,-3.4264, -3.6418
0.444,-3.3599, -3.5674
0.448,-3.2928, -3.4956
0.452,-3.2284, -3.4262
0.456,-3.1642, -3.3587
0.460,-3.0975, -3.2926
0.464,-3.0295, -3.2270
0.468,-2.9644, -3.1615
0.472,-2.8963, -3.0958
0.476,-2.8288, -3.0295
0.480,-2.7577, -2.9626
0.484,-2.6871, -2.8951
0.488,-2.6165, -2.8268
0.492,-2.5442, -2.7574
0.496,-2.4748, -2.6871
0.500,-2.4044, -2.6164
0.504,-2.3346, -2.5458
0.508,-2.2723, -2.4756
0.512,-2.2034, -2.4063
0.516,-2.1438, -2.3384
0.520,-2.0867, -2.2722
0.524,-2.0303, -2.2083
0.528,-1.9776, -2.1472
0.532,-1.9285, -2.0884
0.536,-1.8844, -2.0333
0.540,-1.8441, -1.9810
0.544,-1.8083, -1.9322
0.548,-1.7768, -1.8875
0.552,-1.7492, -1.8471
0.556,-1.7252, -1.8110
0.560,-1.7051, -1.7789
0.564,-1.6858, -1.7508
0.568,-1.6682, -1.7262
0.572,-1.6502, -1.7044
0.576,-1.6359, -1.6848
0.580,-1.6198, -1.6667
0.584,-1.6058, -1.6497
0.588,-1.5932, -1.6337
0.592,-1.5817, -1.6187
0.596,-1.5716, -1.6048
0.600,-1.5633, -1.5919
0.604,-1.5568, -1.5805
0.608,-1.5489, -1.5705
0.612,-1.5435, -1.5617
0.616,-1.5381, -1.5540
0.620,-1.5323, -1.5472
0.624,-1.5280, -1.5411
0.628,-1.5216, -1.5353
0.632,-1.5174, -1.5299
0.636,-1.5117, -1.5246
0.640,-1.5071, -1.5194
0.644,-1.5022, -1.5143
0.648,-1.4973, -1.5092
0.652,-1.4920, -1.5043
0.656,-1.4867, -1.4993
0.660,-1.4801, -1.4943
0.664,-1.4741, -1.4890
0.668,-1.4670, -1.4834
0.672,-1.4575, -1.4774
0.676,-1.4487, -1.4707
0.680,-1.4380, -1.4632
0.684,-1.4265, -1.4548
0.688,-1.4140, -1.4454
0.692,-1.4002, -1.4349
0.696,-1.3854, -1.4236
0.700,-1.3686, -1.4110
0.704,-1.3515, -1.3973
0.708,-1.3340, -1.3825
0.712,-1.3141, -1.3665
0.716,-1.2961, -1.3495
0.720,-1.2765, -1.3316
0.724,-1.2556, -1.3132
0.728,-1.2348, -1.2942
0.732,-1.2149, -1.2746
0.736,-1.1911, -1.2546
0.740,-1.1691, -1.2338
0.744,-1.1470, -1.2125
0.748,-1.1246, -1.1907
0.752,-1.1020, -1.1686
0.756,-1.0803, -1.1462
0.760,-1.0562, -1.1240
0.764,-1.0323, -1.1016
0.768,-1.0083, -1.0788
0.772,-0.9849, -1.0557
0.776,-0.9610, -1.0321
0.780,-0.9367, -1.0083
0.784,-0.9128, -0.9846
0.788,-0.8895, -0.9607
0.792,-0.8661, -0.9370
0.796,-0.8421, -0.9132
0.800,-0.8194, -0.8895
0.804,-0.7977, -0.8661
0.808,-0.7755, -0.8430
0.812,-0.7580, -0.8203
0.816,-0.7368, -0.7983
0.820,-0.7217, -0.7775
0.824,-0.7066, -0.7578
0.828,-0.6932, -0.7394
0.832,-0.6811, -0.7227
0.836,-0.6692, -0.7074
0.840,-0.6600, -0.6939
0.844,-0.6501, -0.6814
0.848,-0.6420, -0.6700
0.852,-0.6336, -0.6597
0.856,-0.6266, -0.6503
0.860,-0.6198, -0.6417
0.864,-0.6137, -0.6336
0.868,-0.6097, -0.6263
0.872,-0.6047, -0.6197
0.876,-0.6013, -0.6139
0.880,-0.5982, -0.6089
0.884,-0.5942, -0.6045
0.888,-0.5908, -0.6006
0.892,-0.5867, -0.5969
0.896,-0.5815, -0.5933
0.900,-0.5758, -0.5894
0.904,-0.5696, -0.5850
0.908,-0.5632, -0.5802
0.912,-0.5570, -0.5747
0.916,-0.5480, -0.5687
0.920,-0.5399, -0.5622
0.924,-0.5297, -0.5551
0.928,-0.5207, -0.5472
0.932,-0.5068, -0.5386
0.936,-0.4977, -0.5290
0.940,-0.4869, -0.5188
0.944,-0.4760, -0.5081
0.948,-0.4640, -0.4973
0.952,-0.4550, -0.4863
0.956,-0.4480, -0.4759
0.960,-0.4383, -0.4655
0.964,-0.4328, -0.4559
0.968,-0.4270, -0.4473
0.972,-0.4219, -0.4397
0.976,-0.4184, -0.4330
0.980,-0.4123, -0.4271
0.984,-0.4061, -0.4219
0.988,-0.4014, -0.4168
0.992,-0.3942, -0.4116
0.996,-0.3864, -0.4061
1.000,-0.3781, -0.3999
1.004,-0.3707, -0.3932
1.008,-0.3622, -0.3860
1.012,-0.3517, -0.3781
1.016,-0.3417, -0.3698
1.020,-0.3321, -0.3610
1.024,-0.3189, -0.3517
1.028,-0.3102, -0.3416
1.032,-0.2994, -0.3311
1.036,-0.2856, -0.3205
1.040,-0.2758, -0.3096
1.044,-0.2652, -0.2984
1.048,-0.2495, -0.2873
1.052,-0.2390, -0.2756
1.056,-0.2241, -0.2636
1.060,-0.2110, -0.2513
1.064,-0.1942, -0.2383
1.068,-0.1800, -0.2245
1.072,-0.1633, -0.2105
1.076,-0.1445, -0.1954
1.080,-0.1284, -0.1797
1.084,-0.1094, -0.1632
1.088,-0.0903, -0.1463
1.092,-0.0720, -0.1285
1.096,-0.0525, -0.1103
1.100,-0.0328, -0.0919
1.104,-0.0130, -0.0729
1.108,0.0075, -0.0537
1.112,0.0249, -0.0342
1.116,0.0472, -0.0146
1.120,0.0658, 0.0050
1.124,0.0852, 0.0247
1.128,0.1059, 0.0444
1.132,0.1245, 0.0641
1.136,0.1433, 0.0839
1.140,0.1622, 0.1032
1.144,0.1784, 0.1224
1.148,0.1933, 0.1411
1.152,0.2088, 0.1588
1.156,0.2226, 0.1756
1.160,0.2333, 0.1914
1.164,0.2435, 0.2058
1.168,0.2522, 0.2191
1.172,0.2590, 0.2309
1.176,0.2628, 0.2409
1.180,0.2661, 0.2493
1.184,0.2670, 0.2560
1.188,0.2663, 0.2608
1.192,0.2639, 0.2637
1.196,0.2600, 0.2649
1.200,0.2541, 0.2644
1.204,0.2461, 0.2622
1.208,0.2384, 0.2582
1.212,0.2282, 0.2527
1.216,0.2185, 0.2457
1.220,0.2065, 0.2374
1.224,0.1948, 0.2280
1.228,0.1808, 0.2178
1.232,0.1668, 0.2065
1.236,0.1508, 0.1942
1.240,0.1338, 0.1809
1.244,0.1158, 0.1664
1.248,0.0988, 0.1509
1.252,0.0814, 0.1344
1.256,0.0649, 0.1173
1.260,0.0488, 0.1001
1.264,0.0330, 0.0831
1.268,0.0197, 0.0666
1.272,0.0066, 0.0507
1.276,-0.0038, 0.0356
1.280,-0.0152, 0.0217
1.284,-0.0233, 0.0089
1.288,-0.0291, -0.0023
1.292,-0.0334, -0.0123
1.296,-0.0346, -0.0206
1.300,-0.0354, -0.0269
1.304,-0.0325, -0.0310
1.308,-0.0286, -0.0331
1.312,-0.0222, -0.0331
1.316,-0.0178, -0.0312
1.320,-0.0091, -0.0277
1.324,-0.0010, -0.0226
1.328,0.0089, -0.0164
1.332,0.0203, -0.0091
1.336,0.0332, -0.0006
1.340,0.0480, 0.0093
1.344,0.0639, 0.0206
1.348,0.0821, 0.0334
1.352,0.1011, 0.0479
1.356,0.1217, 0.0639
1.360,0.1422, 0.0814
1.364,0.1656, 0.1003
1.368,0.1886, 0.1204
1.372,0.2125, 0.1416
1.376,0.2382, 0.1638
1.380,0.2629, 0.1869
1.384,0.2908, 0.2110
1.388,0.3179, 0.2359
1.392,0.3479, 0.2616
1.396,0.3773, 0.2884
1.400,0.4074, 0.3162
1.404,0.4389, 0.3450
1.408,0.4688, 0.3745
1.412,0.5013, 0.4046
1.416,0.5267, 0.4350
1.420,0.5574, 0.4654
1.424,0.5841, 0.4952
1.428,0.6111, 0.5243
1.432,0.6367, 0.5526
1.436,0.6609, 0.5799
1.440,0.6867, 0.6068
1.444,0.7098, 0.6325
1.448,0.7328, 0.6576
1.452,0.7538, 0.6820
1.456,0.7748, 0.7055
1.460,0.7945, 0.7283
1.464,0.8135, 0.7499
1.468,0.8312, 0.7706
1.472,0.8481, 0.7904
1.476,0.8663, 0.8093
1.480,0.8812, 0.8275
1.484,0.8972, 0.8449
1.488,0.9115, 0.8617
1.492,0.9253, 0.8778
1.496,0.9384, 0.8932
1.500,0.9517, 0.9078
1.504,0.9631, 0.9218
1.508,0.9751, 0.9350
1.512,0.9868, 0.9478
1.516,0.9975, 0.9600
1.520,1.0106, 0.9719
1.524,1.0220, 0.9835
1.528,1.0331, 0.9952
1.532,1.0453, 1.0069
1.536,1.0566, 1.0186
1.540,1.0687, 1.0304
1.544,1.0801, 1.0419
1.548,1.0919, 1.0536
1.552,1.1034, 1.0653
1.556,1.1160, 1.0769
1.560,1.1274, 1.0887
1.564,1.1389, 1.1004
1.568,1.1512, 1.1122
1.572,1.1620, 1.1240
1.576,1.1736, 1.1357
1.580,1.1852, 1.1472
1.584,1.1964, 1.1588
1.588,1.2077, 1.1702
1.592,1.2191, 1.1815
1.596,1.2312, 1.1929
1.600,1.2431, 1.2044
1.604,1.2551, 1.2159
1.608,1.2679, 1.2276
1.612,1.2816, 1.2396
1.616,1.2965, 1.2520
1.620,1.3090, 1.2648
1.624,1.3258, 1.2782
1.628,1.3411, 1.2922
1.632,1.3571, 1.3067
1.636,1.3743, 1.3217
1.640,1.3918, 1.3373
1.644,1.4094, 1.3536
1.648,1.4259, 1.3703
1.652,1.4443, 1.3874
1.656,1.4615, 1.4047
1.660,1.4792, 1.4221
1.664,1.4964, 1.4395
1.668,1.5148, 1.4570
1.672,1.5322, 1.4746
1.676,1.5502, 1.4922
1.680,1.5690, 1.5099
1.684,1.5870, 1.5278
1.688,1.6063, 1.5458
1.692,1.6249, 1.5640
1.696,1.6447, 1.5826
1.700,1.6641, 1.6013
1.704,1.6835, 1.6203
1.708,1.7028, 1.6396
1.712,1.7220, 1.6589
1.716,1.7421, 1.6783
1.720,1.7600, 1.6976
1.724,1.7810, 1.7169
1.728,1.8007, 1.7362
1.732,1.8207, 1.7557
1.736,1.8424, 1.7754
1.740,1.8634, 1.7954
1.744,1.8851, 1.8160
1.748,1.9059, 1.8367
1.752,1.9271, 1.8578
1.756,1.9466, 1.8790
1.760,1.9662, 1.8999
1.764,1.9846, 1.9205
1.768,2.0012, 1.9404
1.772,2.0164, 1.9595
1.776,2.0293, 1.9775
1.780,2.0419, 1.9942
1.784,2.0524, 2.0094
1.788,2.0623, 2.0230
1.792,2.0718, 2.0353
1.796,2.0818, 2.0465
1.800,2.0900, 2.0568
1.804,2.0983, 2.0665
1.808,2.1069, 2.0758
1.812,2.1141, 2.0846
1.816,2.1216, 2.0931
1.820,2.1299, 2.1011
1.824,2.1382, 2.1091
1.828,2.1465, 2.1169
1.832,2.1557, 2.1248
1.836,2.1656, 2.1331
1.840,2.1744, 2.1418
1.844,2.1862, 2.1507
1.848,2.1969, 2.1602
1.852,2.2100, 2.1702
1.856,2.2221, 2.1809
1.860,2.2358, 2.1922
1.864,2.2506, 2.2044
1.868,2.2643, 2.2171
1.872,2.2811, 2.2306
1.876,2.2963, 2.2447
1.880,2.3130, 2.2595
1.884,2.3297, 2.2748
1.888,2.3473, 2.2907
1.892,2.3648, 2.3071
1.896,2.3815, 2.3238
1.900,2.3997, 2.3409
1.904,2.4161, 2.3581
1.908,2.4330, 2.3754
1.912,2.4496, 2.3925
1.916,2.4663, 2.4095
1.920,2.4798, 2.4263
1.924,2.4965, 2.4426
1.928,2.5102, 2.4586
1.932,2.5246, 2.4740
1.936,2.5380, 2.4890
1.940,2.5541, 2.5035
1.944,2.5671, 2.5180
1.948,2.5822, 2.5322
1.952,2.5977, 2.5466
1.956,2.6116, 2.5611
1.960,2.6253, 2.5758
1.964,2.6398, 2.5902
1.968,2.6534, 2.6047
1.972,2.6671, 2.6188
1.976,2.6806, 2.6327
1.980,2.6948, 2.6465
1.984,2.7103, 2.6603
1.988,2.7250, 2.6743
1.992,2.7399, 2.6885
1.996,2.7553, 2.7031
2.000,2.7706, 2.7180
2.004,2.7855, 2.7331
2.008,2.8015, 2.7482
2.012,2.8154, 2.7634
2.016,2.8301, 2.7785
2.020,2.8446, 2.7935
2.024,2.8562, 2.8082
2.028,2.8712, 2.8225
2.032,2.8815, 2.8363
2.036,2.8930, 2.8497
2.040,2.9034, 2.8623
2.044,2.9125, 2.8741
2.048,2.9211, 2.8854
2.052,2.9284, 2.8954
2.056,2.9354, 2.9049
2.060,2.9408, 2.9134
2.064,2.9459, 2.9209
2.068,2.9511, 2.9277
2.072,2.9558, 2.9337
2.076,2.9598, 2.9391
2.080,2.9648, 2.9441
2.084,2.9699, 2.9489
2.088,2.9747, 2.9536
2.092,2.9806, 2.9583
2.096,2.9891, 2.9633
2.100,2.9983, 2.9689
2.104,3.0086, 2.9754
2.108,3.0210, 2.9830
2.112,3.0350, 2.9922
2.116,3.0492, 3.0028
2.120,3.0662, 3.0148
2.124,3.0808, 3.0281
2.128,3.1005, 3.0427
2.132,3.1180, 3.0583
2.136,3.1393, 3.0749
2.140,3.1586, 3.0926
2.144,3.1829, 3.1112
2.148,3.2061, 3.1312
2.152,3.2297, 3.1522
2.156,3.2564, 3.1745
2.160,3.2820, 3.1978
2.164,3.3095, 3.2223
2.168,3.3364, 3.2475
2.172,3.3650, 3.2736
2.176,3.3938, 3.3005
2.180,3.4222, 3.3278
2.184,3.4512, 3.3558
2.188,3.4812, 3.3842
2.192,3.5111, 3.4129
2.196,3.5400, 3.4420
2.200,3.5703, 3.4713
2.204,3.6008, 3.5009
2.208,3.6298, 3.5306
2.212,3.6604, 3.5603
2.216,3.6922, 3.5902
2.220,3.7250, 3.6204
2.224,3.7536, 3.6510
2.228,3.7919, 3.6820
2.232,3.8229, 3.7138
2.236,3.8576, 3.7463
2.240,3.8937, 3.7793
2.244,3.9289, 3.8130
2.248,3.9658, 3.8477
2.252,4.0028, 3.8825
2.256,4.0403, 3.9183
2.260,4.0789, 3.9547
2.264,4.1174, 3.9916
2.268,4.1571, 4.0292
2.272,4.1984, 4.0674
2.276,4.2390, 4.1063
2.280,4.2814, 4.1459
2.284,4.3225, 4.1862
2.288,4.3647, 4.2272
2.292,4.4063, 4.2686
2.296,4.4493, 4.3102
2.300,4.4928, 4.3521
2.304,4.5361, 4.3942
2.308,4.5801, 4.4368
2.312,4.6238, 4.4797
2.316,4.6685, 4.5232
2.320,4.7159, 4.5669
2.324,4.7567, 4.6111
2.328,4.8073, 4.6556
2.332,4.8515, 4.7005
2.336,4.8975, 4.7459
2.340,4.9426, 4.7916
2.344,4.9874, 4.8372
2.348,5.0327, 4.8831
2.352,5.0757, 4.9281
2.356,5.1198, 4.9729
2.360,5.1623, 5.0173
2.364,5.2044, 5.0612
2.368,5.2458, 5.1046
2.372,5.2863, 5.1472
2.376,5.3260, 5.1893
2.380,5.3633, 5.2305
2.384,5.4012, 5.2708
2.388,5.4375, 5.3101
2.392,5.4718, 5.3484
2.396,5.5063, 5.3856
2.400,5.5407, 5.4217
2.404,5.5736, 5.4570
2.408,5.6053, 5.4915
2.412,5.6381, 5.5252
2.416,5.6696, 5.5583
2.420,5.6987, 5.5908
2.424,5.7321, 5.6227
2.428,5.7568, 5.6540
2.432,5.7878, 5.6847
2.436,5.8145, 5.7145
2.440,5.8413, 5.7435
2.444,5.8684, 5.7719
2.448,5.8948, 5.7993
2.452,5.9241, 5.8268
2.456,5.9536, 5.8538
2.460,5.9846, 5.8814
2.464,6.0170, 5.9099
2.468,6.0514, 5.9395
2.472,6.0867, 5.9706
2.476,6.1236, 6.0029
2.480,6.1625, 6.0368
2.484,6.2019, 6.0721
2.488,6.2429, 6.1089
2.492,6.2850, 6.1470
2.496,6.3271, 6.1865
2.500,6.3707, 6.2271
2.504,6.4149, 6.2686
2.508,6.4612, 6.3111
2.512,6.5082, 6.3545
2.516,6.5579, 6.3989
2.520,6.6077, 6.4448
2.524,6.6609, 6.4920
2.528,6.7089, 6.5407
2.532,6.7671, 6.5906
2.536,6.8173, 6.6418
2.540,6.8727, 6.6937
2.544,6.9261, 6.7464
2.548,6.9829, 6.7996
2.552,7.0382, 6.8539
2.556,7.0939, 6.9081
2.560,7.1524, 6.9633
2.564,7.2101, 7.0190
2.568,7.2681, 7.0755
2.572,7.3260, 7.1325
2.576,7.3858, 7.1900
2.580,7.4452, 7.2481
2.584,7.5038, 7.3065
2.588,7.5649, 7.3652
2.592,7.6238, 7.4243
2.596,7.6848, 7.4838
2.600,7.7448, 7.5434
2.604,7.8035, 7.6032
2.608,7.8623, 7.6631
2.612,7.9214, 7.7226
2.616,7.9797, 7.7819
2.620,8.0375, 7.8407
2.624,8.0990, 7.8993
2.628,8.1498, 7.9579
2.632,8.2137, 8.0160
2.636,8.2672, 8.0739
2.640,8.3226, 8.1313
2.644,8.3798, 8.1884
2.648,8.4355, 8.2446
2.652,8.4910, 8.3013
2.656,8.5444, 8.3567
2.660,8.5998, 8.4123
2.664,8.6536, 8.4676
2.668,8.7068, 8.5222
2.672,8.7624, 8.5765
2.676,8.8153, 8.6305
2.680,8.8684, 8.6845
2.684,8.9214, 8.7383
2.688,8.9724, 8.7918
2.692,9.0246, 8.8449
2.696,9.0742, 8.8972
2.700,9.1223, 8.9489
2.704,9.1719, 8.9998
2.708,9.2188, 9.0498
2.712,9.2643, 9.0989
2.716,9.3095, 9.1470
2.720,9.3545, 9.1941
2.724,9.3998, 9.2404
2.728,9.4392, 9.2857
2.732,9.4861, 9.3303
2.736,9.5250, 9.3742
2.740,9.5680, 9.4174
2.744,9.6091, 9.4600
2.748,9.6512, 9.5020
2.752,9.6931, 9.5440
2.756,9.7363, 9.5855
2.760,9.7799, 9.6275
2.764,9.8217, 9.6697
2.768,9.8652, 9.7122
2.772,9.9083, 9.7549
2.776,9.9521, 9.7978
2.780,9.9962, 9.8408
2.784,10.0408, 9.8840
2.788,10.0848, 9.9276
2.792,10.1292, 9.9715
2.796,10.1734, 10.0156
2.800,10.2176, 10.0598
2.804,10.2595, 10.1039
2.808,10.3029, 10.1478
2.812,10.3437, 10.1913
2.816,10.3841, 10.2342
2.820,10.4220, 10.2763
2.824,10.4589, 10.3173
2.828,10.4958, 10.3572
2.832,10.5270, 10.3957
2.836,10.5613, 10.4327
2.840,10.5917, 10.4680
2.844,10.6204, 10.5020
2.848,10.6505, 10.5344
2.852,10.6773, 10.5653
2.856,10.7062, 10.5954
2.860,10.7319, 10.6242
2.864,10.7590, 10.6524
2.868,10.7855, 10.6800
2.872,10.8118, 10.7070
2.876,10.8373, 10.7338
2.880,10.8646, 10.7601
2.884,10.8913, 10.7865
2.888,10.9180, 10.8128
2.892,10.9476, 10.8393
2.896,10.9750, 10.8663
2.900,11.0049, 10.8938
2.904,11.0340, 10.9217
2.908,11.0659, 10.9502
2.912,11.0971, 10.9795
2.916,11.1293, 11.0093
2.920,11.1638, 11.0401
2.924,11.1988, 11.0717
2.928,11.2357, 11.1044
2.932,11.2707, 11.1381
2.936,11.3146, 11.1730
2.940,11.3537, 11.2094
2.944,11.3981, 11.2473
2.948,11.4448, 11.2869
2.952,11.4911, 11.3285
2.956,11.5413, 11.3722
2.960,11.5906, 11.4174
2.964,11.6416, 11.4646
2.968,11.6918, 11.5131
2.972,11.7435, 11.5625
2.976,11.7933, 11.6127
2.980,11.8441, 11.6631
2.984,11.8926, 11.7137
2.988,11.9424, 11.7640
2.992,11.9914, 11.8140
2.996,12.0383, 11.8634
3.000,12.0860, 11.9124
3.004,12.1329, 11.9608
3.008,12.1795, 12.0087
3.012,12.2252, 12.0560
3.016,12.2710, 12.1028
3.020,12.3142, 12.1492
3.024,12.3591, 12.1950
3.028,12.4047, 12.2402
3.032,12.4425, 12.2848
3.036,12.4903, 12.3288
3.040,12.5307, 12.3722
3.044,12.5733, 12.4154
3.048,12.6180, 12.4582
3.052,12.6614, 12.5009
3.056,12.7067, 12.5443
3.060,12.7527, 12.5875
3.064,12.7984, 12.6317
3.068,12.8469, 12.6766
3.072,12.8940, 12.7222
3.076,12.9429, 12.7686
3.080,12.9917, 12.8156
3.084,13.0391, 12.8633
3.088,13.0886, 12.9114
3.092,13.1369, 12.9596
3.096,13.1874, 13.0081
3.100,13.2364, 13.0567
3.104,13.2870, 13.1056
3.108,13.3393, 13.1551
3.112,13.3902, 13.2050
3.116,13.4409, 13.2554
3.120,13.4929, 13.3062
3.124,13.5451, 13.3574
3.128,13.5993, 13.4088
3.132,13.6460, 13.4604
3.136,13.7036, 13.5121
3.140,13.7528, 13.5641
3.144,13.8046, 13.6160
3.148,13.8547, 13.6678
3.152,13.9079, 13.7192
3.156,13.9588, 13.7710
3.160,14.0104, 13.8220
3.164,14.0620, 13.8734
3.168,14.1145, 13.9249
3.172,14.1659, 13.9766
3.176,14.2172, 14.0281
3.180,14.2678, 14.0797
3.184,14.3191, 14.1312
3.188,14.3676, 14.1824
3.192,14.4163, 14.2331
3.196,14.4659, 14.2832
3.200,14.5145, 14.3328
3.204,14.5634, 14.3820
3.208,14.6126, 14.4308
3.212,14.6611, 14.4797
3.216,14.7096, 14.5285
3.220,14.7573, 14.5771
3.224,14.8054, 14.6257
3.228,14.8530, 14.6740
3.232,14.9020, 14.7220
3.236,14.9452, 14.7699
3.240,14.9969, 14.8174
3.244,15.0401, 14.8648
3.248,15.0857, 14.9118
3.252,15.1310, 14.9584
3.256,15.1765, 15.0043
3.260,15.2210, 15.0501
3.264,15.2663, 15.0950
3.268,15.3112, 15.1402
3.272,15.3577, 15.1852
3.276,15.4035, 15.2303
3.280,15.4505, 15.2756
3.284,15.4987, 15.3214
3.288,15.5464, 15.3676
3.292,15.5954, 15.4145
3.296,15.6445, 15.4619
3.300,15.6947, 15.5100
3.304,15.7456, 15.5587
3.308,15.7979, 15.6079
3.312,15.8531, 15.6580
3.316,15.9077, 15.7092
3.320,15.9649, 15.7616
3.324,16.0228, 15.8155
3.328,16.0818, 15.8707
3.332,16.1448, 15.9273
3.336,16.2005, 15.9850
3.340,16.2695, 16.0441
3.344,16.3293, 16.1042
3.348,16.3935, 16.1654
3.352,16.4580, 16.2276
3.356,16.5238, 16.2904
3.360,16.5906, 16.3544
3.364,16.6579, 16.4185
3.368,16.7273, 16.4841
3.372,16.7959, 16.5505
3.376,16.8651, 16.6179
3.380,16.9358, 16.6861
3.384,17.0046, 16.7549
3.388,17.0760, 16.8241
3.392,17.1454, 16.8936
3.396,17.2167, 16.9635
3.400,17.2872, 17.0336
3.404,17.3565, 17.1037
3.408,17.4259, 17.1740
3.412,17.4951, 17.2439
3.416,17.5638, 17.3137
3.420,17.6333, 17.3830
3.424,17.7012, 17.4520
3.428,17.7687, 17.5209
3.432,17.8403, 17.5895
3.436,17.9007, 17.6579
3.440,17.9749, 17.7259
3.444,18.0385, 17.7936
3.448,18.1057, 17.8610
3.452,18.1747, 17.9283
3.456,18.2423, 17.9951
3.460,18.3107, 18.0629
3.464,18.3797, 18.1301
3.468,18.4503, 18.1982
3.472,18.5211, 18.2668
3.476,18.5932, 18.3359
3.480,18.6656, 18.4058
3.484,18.7394, 18.4766
3.488,18.8146, 18.5483
3.492,18.8914, 18.6209
3.496,18.9688, 18.6947
3.500,19.0486, 18.7696
3.504,19.1283, 18.8459
3.508,19.2093, 18.9234
3.512,19.2896, 19.0021
3.516,19.3717, 19.0816
3.520,19.4538, 19.1619
3.524,19.5372, 19.2427
3.528,19.6182, 19.3242
3.532,19.7058, 19.4061
3.536,19.7821, 19.4886
3.540,19.8715, 19.5712
3.544,19.9508, 19.6540
3.548,20.0344, 19.7368
3.552,20.1167, 19.8197
3.556,20.1995, 19.9021
3.560,20.2820, 19.9850
3.564,20.3635, 20.0671
3.568,20.4447, 20.1495
3.572,20.5251, 20.2315
3.576,20.6054, 20.3130
3.580,20.6861, 20.3941
3.584,20.7651, 20.4747
3.588,20.8444, 20.5549
3.592,20.9237, 20.6348
3.596,21.0013, 20.7143
3.600,21.0797, 20.7934
3.604,21.1567, 20.8719
3.608,21.2341, 20.9502
3.612,21.3100, 21.0279
3.616,21.3846, 21.1051
3.620,21.4587, 21.1817
3.624,21.5316, 21.2574
3.628,21.6042, 21.3323
3.632,21.6765, 21.4062
3.636,21.7520, 21.4795
3.640,21.8169, 21.5524
3.644,21.8966, 21.6247
3.648,21.9646, 21.6969
3.652,22.0370, 21.7689
3.656,22.1103, 21.8409
3.660,22.1825, 21.9126
3.664,22.2562, 21.9852
3.668,22.3270, 22.0570
3.672,22.3996, 22.1296
3.676,22.4711, 22.2019
3.680,22.5422, 22.2739
3.684,22.6149, 22.3457
3.688,22.6872, 22.4173
3.692,22.7568, 22.4890
3.696,22.8286, 22.5605
3.700,22.8993, 22.6319
3.704,22.9690, 22.7031
3.708,23.0402, 22.7739
3.712,23.1114, 22.8443
3.716,23.1825, 22.9150
3.720,23.2547, 22.9856
3.724,23.3259, 23.0565
3.728,23.3979, 23.1277
3.732,23.4693, 23.1991
3.736,23.5446, 23.2707
3.740,23.6113, 23.3425
3.744,23.6902, 23.4143
3.748,23.7589, 23.4864
3.752,23.8330, 23.5587
3.756,23.9068, 23.6312
3.760,23.9818, 23.7037
3.764,24.0573, 23.7772
3.768,24.1332, 23.8505
3.772,24.2117, 23.9252
3.776,24.2885, 24.0006
3.780,24.3666, 24.0767
3.784,24.4480, 24.1536
3.788,24.5294, 24.2314
3.792,24.6143, 24.3103
3.796,24.7017, 24.3905
3.800,24.7896, 24.4727
3.804,24.8815, 24.5570
3.808,24.9750, 24.6433
3.812,25.0689, 24.7320
3.816,25.1648, 24.8226
3.820,25.2634, 24.9150
3.824,25.3605, 25.0093
3.828,25.4581, 25.1048
3.832,25.5568, 25.2014
3.836,25.6609, 25.2989
3.840,25.7517, 25.3971
3.844,25.8621, 25.4956
3.848,25.9584, 25.5949
3.852,26.0606, 25.6948
3.856,26.1623, 25.7953
3.860,26.2667, 25.8958
3.864,26.3698, 25.9979
3.868,26.4742, 26.0994
3.872,26.5785, 26.2023
3.876,26.6839, 26.3057
3.880,26.7872, 26.4096
3.884,26.8888, 26.5135
3.888,26.9896, 26.6173
3.892,27.0879, 26.7203
3.896,27.1839, 26.8221
3.900,27.2779, 26.9221
3.904,27.3690, 27.0203
3.908,27.4556, 27.1162
3.912,27.5401, 27.2096
3.916,27.6214, 27.3002
3.920,27.6986, 27.3877
3.924,27.7716, 27.4719
3.928,27.8450, 27.5528
3.932,27.9123, 27.6305
3.936,27.9828, 27.7052
3.940,28.0399, 27.7770
3.944,28.1095, 27.8462
3.948,28.1663, 27.9131
3.952,28.2258, 27.9775
3.956,28.2821, 28.0402
3.960,28.3391, 28.1005
3.964,28.3930, 28.1598
3.968,28.4457, 28.2166
3.972,28.4974, 28.2725
3.976,28.5464, 28.3269
3.980,28.5956, 28.3798
3.984,28.6440, 28.4311
3.988,28.6865, 28.4811
3.992,28.7310, 28.5295
3.996,28.7736, 28.5764
4.000,28.8143, 28.6217
4.004,28.8531, 28.6653
4.008,28.8921, 28.7074
4.012,28.9288, 28.7485
4.016,28.9647, 28.7880
4.020,29.0001, 28.8263
4.024,29.0334, 28.8634
4.028,29.0656, 28.8995
4.032,29.0983, 28.9343
4.036,29.1304, 28.9681
4.040,29.1613, 29.0011
4.044,29.1914, 29.0333
4.048,29.2224, 29.0651
4.052,29.2512, 29.0963
4.056,29.2799, 29.1269
4.060,29.3072, 29.1568
4.064,29.3331, 29.1860
4.068,29.3581, 29.2144
4.072,29.3808, 29.2416
4.076,29.4017, 29.2676
4.080,29.4205, 29.2921
4.084,29.4353, 29.3148
4.088,29.4511, 29.3356
4.092,29.4598, 29.3541
4.096,29.4679, 29.3703
4.100,29.4715, 29.3837
4.104,29.4711, 29.3942
4.108,29.4645, 29.4015
4.112,29.4520, 29.4048
4.116,29.4347, 29.4038
4.120,29.4089, 29.3976
4.124,29.3769, 29.3857
4.128,29.3369, 29.3675
4.132,29.2857, 29.3426
4.136,29.2217, 29.3101
4.140,29.1355, 29.2686
4.144,29.0671, 29.2166
4.148,28.9568, 29.1537
4.152,28.8634, 29.0797
4.156,28.7549, 28.9958
4.160,28.6397, 28.9032
4.164,28.5165, 28.8040
4.168,28.3838, 28.6956
4.172,28.2452, 28.5818
4.176,28.0995, 28.4591
4.180,27.9470, 28.3288
4.184,27.7891, 28.1911
4.188,27.6268, 28.0465
4.192,27.4568, 27.8957
4.196,27.2952, 27.7392
4.200,27.1171, 27.5780
4.204,26.9460, 27.4130
4.208,26.7717, 27.2450
4.212,26.6047, 27.0747
4.216,26.4482, 26.9040
4.220,26.2907, 26.7340
4.224,26.1333, 26.5682
4.228,25.9772, 26.4063
4.232,25.8208, 26.2480
4.236,25.6663, 26.0915
4.240,25.5022, 25.9351
4.244,25.3722, 25.7792
4.248,25.2027, 25.6246
4.252,25.0613, 25.4713
4.256,24.9149, 25.3197
4.260,24.7687, 25.1696
4.264,24.6232, 25.0221
4.268,24.4788, 24.8736
4.272,24.3329, 24.7288
4.276,24.1859, 24.5834
4.280,24.0369, 24.4380
4.284,23.8852, 24.2922
4.288,23.7300, 24.1451
4.292,23.5698, 23.9959
4.296,23.4057, 23.8440
4.300,23.2337, 23.6887
4.304,23.0622, 23.5291
4.308,22.8823, 23.3650
4.312,22.7008, 23.1962
4.316,22.5102, 23.0230
4.320,22.3100, 22.8448
4.324,22.0844, 22.6608
4.328,21.8496, 22.4678
4.332,21.6105, 22.2637
4.336,21.3660, 22.0467
4.340,21.1041, 21.8178
4.344,20.8806, 21.5794
4.348,20.5987, 21.3361
4.352,20.3545, 21.0887
4.356,20.1014, 20.8383
4.360,19.8480, 20.5857
4.364,19.5980, 20.3335
4.368,19.3445, 20.0785
4.372,19.0882, 19.8279
4.376,18.8326, 19.5756
4.380,18.5739, 19.3226
4.384,18.3151, 19.0683
4.388,18.0559, 18.8124
4.392,17.7959, 18.5553
4.396,17.5332, 18.2973
4.400,17.2723, 18.0383
4.404,17.0084, 17.7785
4.408,16.7481, 17.5178
4.412,16.4791, 17.2565
4.416,16.2137, 16.9942
4.420,15.9328, 16.7307
4.424,15.6310, 16.4638
4.428,15.3147, 16.1907
4.432,14.9904, 15.9070
4.436,14.6587, 15.6109
4.440,14.3170, 15.3007
4.444,13.9467, 14.9783
4.448,13.6297, 14.6459
4.452,13.2215, 14.3054
4.456,12.8631, 13.9562
4.460,12.4742, 13.5984
4.464,12.0872, 13.2318
4.468,11.6823, 12.8588
4.472,11.2818, 12.4732
4.476,10.8771, 12.0858
4.480,10.4629, 11.6894
4.484,10.0323, 11.2879
4.488,9.5926, 10.8795
4.492,9.1422, 10.4638
4.496,8.6862, 10.0378
4.500,8.2230, 9.6009
4.504,7.7561, 9.1545
4.508,7.2840, 8.7005
4.512,6.8104, 8.2402
4.516,6.3370, 7.7750
4.520,5.8691, 7.3063
4.524,5.4238, 6.8366
4.528,4.9760, 6.3690
4.532,4.5188, 5.9068
4.536,4.0435, 5.4499
4.540,3.5646, 4.9947
4.544,3.0619, 4.5356
4.548,2.6393, 4.0679
4.552,2.1124, 3.5945
4.556,1.6679, 3.1181
4.560,1.1995, 2.6433
4.564,0.7358, 2.1710
4.568,0.2710, 1.7040
4.572,-0.1814, 1.2343
4.576,-0.6322, 0.7749
4.580,-1.0767, 0.3152
4.584,-1.5117, -0.1393
4.588,-1.9433, -0.5885
4.592,-2.3688, -1.0311
4.596,-2.7851, -1.4679
4.600,-3.2002, -1.8983
4.604,-3.6093, -2.3226
4.608,-4.0092, -2.7413
4.612,-4.4102, -3.1544
4.616,-4.8006, -3.5621
4.620,-5.1898, -3.9648
4.624,-5.5785, -4.3623
4.628,-5.9602, -4.7554
4.632,-6.3403, -5.1449
4.636,-6.7163, -5.5305
4.640,-7.0922, -5.9132
4.644,-7.4822, -6.2933
4.648,-7.8103, -6.6707
4.652,-8.2179, -7.0451
4.656,-8.5606, -7.4168
4.660,-8.9235, -7.7854
4.664,-9.2877, -8.1512
4.668,-9.6502, -8.5132
4.672,-10.0140, -8.8782
4.676,-10.3784, -9.2373
4.680,-10.7431, -9.6001
4.684,-11.1087, -9.9631
4.688,-11.4721, -10.3264
4.692,-11.8372, -10.6902
4.696,-12.2026, -11.0541
4.700,-12.5668, -11.4180
4.704,-12.9304, -11.7820
4.708,-13.2948, -12.1457
4.712,-13.6553, -12.5094
4.716,-14.0123, -12.8723
4.720,-14.3691, -13.2340
4.724,-14.7193, -13.5938
4.728,-15.0702, -13.9512
4.732,-15.4111, -14.3056
4.736,-15.7493, -14.6566
4.740,-16.0819, -15.0037
4.744,-16.4229, -15.3464
4.748,-16.7034, -15.6844
4.752,-17.0449, -16.0154
4.756,-17.3254, -16.3395
4.760,-17.6139, -16.6551
4.764,-17.8904, -16.9616
4.768,-18.1572, -17.2570
4.772,-18.4134, -17.5462
4.776,-18.6588, -17.8208
4.780,-18.8948, -18.0878
4.784,-19.1298, -18.3445
4.788,-19.3433, -18.5917
4.792,-19.5578, -18.8297
4.796,-19.7614, -19.0589
4.800,-19.9542, -19.2794
4.804,-20.1372, -19.4914
4.808,-20.3114, -19.6937
4.812,-20.4775, -19.8877
4.816,-20.6353, -20.0718
4.820,-20.7884, -20.2470
4.824,-20.9366, -20.4140
4.828,-21.0801, -20.5738
4.832,-21.2226, -20.7276
4.836,-21.3657, -20.8766
4.840,-21.5040, -21.0221
4.844,-21.6454, -21.1651
4.848,-21.7975, -21.3069
4.852,-21.9292, -21.4487
4.856,-22.0901, -21.5909
4.860,-22.2322, -21.7344
4.864,-22.3811, -21.8798
4.868,-22.5305, -22.0265
4.872,-22.6843, -22.1736
4.876,-22.8383, -22.3233
4.880,-22.9919, -22.4725
4.884,-23.1481, -22.6242
4.888,-23.3060, -22.7773
4.892,-23.4667, -22.9318
4.896,-23.6271, -23.0876
4.900,-23.7880, -23.2450
4.904,-23.9517, -23.4040
4.908,-24.1239, -23.5644
4.912,-24.2895, -23.7267
4.916,-24.4450, -23.8906
4.920,-24.5917, -24.0548
4.924,-24.7337, -24.2166
4.928,-24.8669, -24.3732
4.932,-24.9928, -24.5220
4.936,-25.1126, -24.6630
4.940,-25.2245, -24.7968
4.944,-25.3356, -24.9238
4.948,-25.4373, -25.0441
4.952,-25.5219, -25.1580
4.956,-25.6154, -25.2654
4.960,-25.6867, -25.3657
4.964,-25.7542, -25.4586
4.968,-25.8134, -25.5430
4.972,-25.8652, -25.6192
4.976,-25.9089, -25.6879
4.980,-25.9457, -25.7472
4.984,-25.9756, -25.7995
4.988,-26.0013, -25.8443
4.992,-26.0212, -25.8822
4.996,-26.0445, -25.9139
5.000,-26.0556, -25.9406
5.004,-26.0760, -25.9633
5.008,-26.0935, -25.9832
5.012,-26.1070, -26.0013
5.016,-26.1182, -26.0184
5.020,-26.1259, -26.0337
5.024,-26.1312, -26.0480
5.028,-26.1333, -26.0593
5.032,-26.1351, -26.0675
5.036,-26.1337, -26.0732
5.040,-26.1318, -26.0764
5.044,-26.1287, -26.0777
5.048,-26.1238, -26.0773
5.052,-26.1222, -26.0756
5.056,-26.1168, -26.0728
5.060,-26.1149, -26.0695
5.064,-26.1135, -26.0661
5.068,-26.1139, -26.0630
5.072,-26.1183, -26.0608
5.076,-26.1244, -26.0598
5.080,-26.1348, -26.0610
5.084,-26.1507, -26.0648
5.088,-26.1680, -26.0717
5.092,-26.1917, -26.0822
5.096,-26.2206, -26.0966
5.100,-26.2549, -26.1153
5.104,-26.2982, -26.1388
5.108,-26.3511, -26.1677
5.112,-26.4132, -26.2033
5.116,-26.4816, -26.2465
5.120,-26.5594, -26.2981
5.124,-26.6376, -26.3580
5.128,-26.7163, -26.4254
5.132,-26.7956, -26.4984
5.136,-26.8684, -26.5748
5.140,-26.9451, -26.6525
5.144,-27.0285, -26.7298
5.148,-27.1123, -26.8072
5.152,-27.1924, -26.8854
5.156,-27.2866, -26.9652
5.160,-27.3615, -27.0477
5.164,-27.4476, -27.1315
5.168,-27.5287, -27.2153
5.172,-27.6031, -27.2985
5.176,-27.6631, -27.3802
5.180,-27.7173, -27.4570
5.184,-27.7673, -27.5291
5.188,-27.8110, -27.5933
5.192,-27.8494, -27.6498
5.196,-27.8825, -27.6994
5.200,-27.9076, -27.7436
5.204,-27.9278, -27.7822
5.208,-27.9472, -27.8150
5.212,-27.9549, -27.8421
5.216,-27.9601, -27.8637
5.220,-27.9626, -27.8799
5.224,-27.9574, -27.8911
5.228,-27.9472, -27.8972
5.232,-27.9326, -27.8979
5.236,-27.9098, -27.8938
5.240,-27.8852, -27.8844
5.244,-27.8535, -27.8693
5.248,-27.8124, -27.8488
5.252,-27.7780, -27.8230
5.256,-27.7261, -27.7918
5.260,-27.6761, -27.7558
5.264,-27.6248, -27.7147
5.268,-27.5621, -27.6690
5.272,-27.5020, -27.6194
5.276,-27.4368, -27.5649
5.280,-27.3664, -27.5072
5.284,-27.2914, -27.4456
5.288,-27.2111, -27.3797
5.292,-27.1286, -27.3101
5.296,-27.0407, -27.2358
5.300,-26.9494, -27.1571
5.304,-26.8539, -27.0742
5.308,-26.7544, -26.9873
5.312,-26.6521, -26.8965
5.316,-26.5470, -26.8017
5.320,-26.4362, -26.7032
5.324,-26.3268, -26.6013
5.328,-26.2134, -26.4962
5.332,-26.0960, -26.3883
5.336,-25.9764, -26.2776
5.340,-25.8541, -26.1641
5.344,-25.7285, -26.0481
5.348,-25.5999, -25.9289
5.352,-25.4613, -25.8066
5.356,-25.3469, -25.6813
5.360,-25.1937, -25.5536
5.364,-25.0609, -25.4234
5.368,-24.9214, -25.2907
5.372,-24.7702, -25.1551
5.376,-24.6220, -25.0171
5.380,-24.4660, -24.8735
5.384,-24.3031, -24.7283
5.388,-24.1343, -24.5775
5.392,-23.9550, -24.4211
5.396,-23.7685, -24.2592
5.400,-23.5765, -24.0897
5.404,-23.3777, -23.9127
5.408,-23.1699, -23.7283
5.412,-22.9573, -23.5366
5.416,-22.7412, -23.3382
5.420,-22.5223, -23.1335
5.424,-22.3063, -22.9233
5.428,-22.0801, -22.7091
5.432,-21.8542, -22.4920
5.436,-21.6271, -22.2724
5.440,-21.3966, -22.0502
5.444,-21.1616, -21.8254
5.448,-20.9213, -21.5973
5.452,-20.6620, -21.3662
5.456,-20.4482, -21.1310
5.460,-20.1667, -20.8921
5.464,-19.9215, -20.6491
5.468,-19.6598, -20.4022
5.472,-19.3949, -20.1511
5.476,-19.1249, -19.8969
5.480,-18.8506, -19.6346
5.484,-18.5754, -19.3720
5.488,-18.2963, -19.1035
5.492,-18.0135, -18.8315
5.496,-17.7229, -18.5560
5.500,-17.4303, -18.2769
5.504,-17.1351, -17.9939
5.508,-16.8339, -17.7066
5.512,-16.5294, -17.4150
5.516,-16.2235, -17.1193
5.520,-15.9145, -16.8203
5.524,-15.5986, -16.5177
5.528,-15.2865, -16.2117
5.532,-14.9643, -15.9028
5.536,-14.6448, -15.5909
5.540,-14.3203, -15.2759
5.544,-13.9935, -14.9581
5.548,-13.6618, -14.6378
5.552,-13.3024, -14.3134
5.556,-13.0013, -13.9853
5.560,-12.6112, -13.6529
5.564,-12.2760, -13.3154
5.568,-11.9154, -12.9728
5.572,-11.5454, -12.6247
5.576,-11.1700, -12.2729
5.580,-10.7894, -11.9103
5.584,-10.4070, -11.5466
5.588,-10.0198, -11.1736
5.592,-9.6358, -10.7957
5.596,-9.2505, -10.4145
5.600,-8.8640, -10.0312
5.604,-8.4736, -9.6468
5.608,-8.0768, -9.2613
5.612,-7.6763, -8.8741
5.616,-7.2826, -8.4838
5.620,-6.8767, -8.0905
5.624,-6.4615, -7.6938
5.628,-6.0582, -7.2938
5.632,-5.6391, -6.8907
5.636,-5.2211, -6.4841
5.640,-4.7914, -6.0730
5.644,-4.3774, -5.6584
5.648,-3.9509, -5.2413
5.652,-3.4818, -4.8197
5.656,-3.1064, -4.3947
5.660,-2.6116, -3.9667
5.664,-2.1714, -3.5348
5.668,-1.7174, -3.0963
5.672,-1.2604, -2.6518
5.676,-0.7704, -2.2044
5.680,-0.2889, -1.7427
5.684,0.1950, -1.2803
5.688,0.6909, -0.8074
5.692,1.1900, -0.3265
5.696,1.6785, 0.1608
5.700,2.1516, 0.6497
5.704,2.6523, 1.1396
5.708,3.1472, 1.6292
5.712,3.6486, 2.1179
5.716,4.1754, 2.6085
5.720,4.7118, 3.1058
5.724,5.2279, 3.6137
5.728,5.7517, 4.1287
5.732,6.2998, 4.6507
5.736,6.8263, 5.1776
5.740,7.3516, 5.7057
5.744,7.8943, 6.2346
5.748,8.4347, 6.7665
5.752,8.9762, 7.3003
5.756,9.5360, 7.8348
5.760,10.0228, 8.3731
5.764,10.6401, 8.9131
5.768,11.1622, 9.4546
5.772,11.7317, 9.9991
5.776,12.3142, 10.5491
5.780,12.8879, 11.1043
5.784,13.4744, 11.6727
5.788,14.0789, 12.2400
5.792,14.6760, 12.8203
5.796,15.2838, 13.4071
5.800,15.8937, 13.9999
5.804,16.5040, 14.5996
5.808,17.1125, 15.2037
5.812,17.7293, 15.8097
5.816,18.3609, 16.4191
5.820,18.9995, 17.0319
5.824,19.6393, 17.6501
5.828,20.2920, 18.2758
5.832,20.9480, 18.9099
5.836,21.6074, 19.5515
5.840,22.2735, 20.1991
5.844,22.9475, 20.8525
5.848,23.6182, 21.5117
5.852,24.3006, 22.1756
5.856,25.0189, 22.8452
5.860,25.6263, 23.5203
5.864,26.3897, 24.1984
5.868,27.0405, 24.8794
5.872,27.7329, 25.5627
5.876,28.4336, 26.2478
5.880,29.1301, 26.9319
5.884,29.8195, 27.6266
5.888,30.4922, 28.3128
5.892,31.1539, 29.0033
5.896,31.7934, 29.6873
5.900,32.3750, 30.3585
5.904,32.9827, 31.0117
5.908,33.5093, 31.6428
5.912,34.0563, 32.2489
5.916,34.5551, 32.8288
5.920,35.0100, 33.3823
5.924,35.4326, 33.9107
5.928,35.8079, 34.4046
5.932,36.1531, 34.8666
5.936,36.4597, 35.2881
5.940,36.7163, 35.6708
5.944,36.9529, 36.0155
5.948,37.1496, 36.3218
5.952,37.2819, 36.5911
5.956,37.3832, 36.8211
5.960,37.4739, 37.0112
5.964,37.4763, 37.1620
5.968,37.4789, 37.2713
5.972,37.4392, 37.3408
5.976,37.3652, 37.3745
5.980,37.2529, 37.3721
5.984,37.1020, 37.3323
5.988,36.9125, 37.2606
5.992,36.6857, 37.1510
5.996,36.4280, 37.0039
6.000,36.1394, 36.8196
6.004,35.8167, 36.5997
6.008,35.4990, 36.3466
6.012,35.1211, 36.0641
6.016,34.7428, 35.7548
6.020,34.3301, 35.4205
6.024,33.8884, 35.0616
6.028,33.4179, 34.6783
6.032,32.9176, 34.2663
6.036,32.3940, 33.8290
6.040,31.8465, 33.3624
6.044,31.2760, 32.8686
6.048,30.6842, 32.3490
6.052,30.0646, 31.8051
6.056,29.3865, 31.2369
6.060,28.8170, 30.6446
6.064,28.0584, 30.0313
6.068,27.4057, 29.3969
6.072,26.6973, 28.7438
6.076,25.9789, 28.0733
6.080,25.2320, 27.3898
6.084,24.4650, 26.6803
6.088,23.6881, 25.9644
6.092,22.8890, 25.2238
6.096,22.0659, 24.4645
6.100,21.2377, 23.6859
6.104,20.3879, 22.8900
6.108,19.5215, 22.0771
6.112,18.6488, 21.2472
6.116,17.7696, 20.4024
6.120,16.8684, 19.5446
6.124,15.9634, 18.6739
6.128,15.0551, 17.7924
6.132,14.1404, 16.9012
6.136,13.2069, 16.0009
6.140,12.2689, 15.0919
6.144,11.3340, 14.1755
6.148,10.3888, 13.2513
6.152,9.4431, 12.3199
6.156,8.5150, 11.3834
6.160,7.5432, 10.4450
6.164,6.7363, 9.5074
6.168,5.7111, 8.5759
6.172,4.8359, 7.6509
6.176,3.9153, 6.7319
6.180,2.9991, 5.8142
6.184,2.0930, 4.9019
6.188,1.2050, 3.9801
6.192,0.3318, 3.0777
6.196,-0.5324, 2.1769
6.200,-1.3746, 1.2884
6.204,-2.1996, 0.4143
6.208,-3.0150, -0.4442
6.212,-3.8071, -1.2875
6.216,-4.5818, -2.1148
6.220,-5.3614, -2.9253
6.224,-6.1099, -3.7209
6.228,-6.8564, -4.5023
6.232,-7.5861, -5.2702
6.236,-8.3106, -6.0259
6.240,-9.0203, -6.7701
6.244,-9.7151, -7.5014
6.248,-10.3976, -8.2220
6.252,-11.0707, -8.9303
6.256,-11.7320, -9.6265
6.260,-12.4188, -10.3110
6.264,-12.9839, -10.9849
6.268,-13.6831, -11.6470
6.272,-14.2704, -12.2983
6.276,-14.8924, -12.9381
6.280,-15.4939, -13.5684
6.284,-16.1028, -14.1867
6.288,-16.6864, -14.8054
6.292,-17.2845, -15.4077
6.296,-17.8562, -16.0085
6.300,-18.4284, -16.6013
6.304,-18.9939, -17.1875
6.308,-19.5475, -17.7653
6.312,-20.0929, -18.3365
6.316,-20.6299, -18.8982
6.320,-21.1523, -19.4523
6.324,-21.6632, -19.9969
6.328,-22.1761, -20.5312
6.332,-22.6609, -21.0555
6.336,-23.1474, -21.5695
6.340,-23.6187, -22.0729
6.344,-24.0796, -22.5660
6.348,-24.5298, -23.0488
6.352,-24.9631, -23.5197
6.356,-25.3884, -23.9804
6.360,-25.8267, -24.4293
6.364,-26.1835, -24.8674
6.368,-26.6204, -25.2935
6.372,-26.9878, -25.7085
6.376,-27.3680, -26.1134
6.380,-27.7469, -26.5089
6.384,-28.1146, -26.8942
6.388,-28.4803, -27.2780
6.392,-28.8396, -27.6503
6.396,-29.1863, -28.0202
6.400,-29.5250, -28.3838
6.404,-29.8556, -28.7398
6.408,-30.1749, -29.0880
6.412,-30.4857, -29.4269
6.416,-30.7885, -29.7563
6.420,-31.0805, -30.0767
6.424,-31.3647, -30.3879
6.428,-31.6410, -30.6899
6.432,-31.9073, -30.9831
6.436,-32.1755, -31.2678
6.440,-32.4234, -31.5444
6.444,-32.6738, -31.8136
6.448,-32.9146, -32.0754
6.452,-33.1464, -32.3301
6.456,-33.3711, -32.5777
6.460,-33.5966, -32.8176
6.464,-33.7796, -33.0508
6.468,-34.0001, -33.2750
6.472,-34.1784, -33.4906
6.476,-34.3602, -33.6974
6.480,-34.5347, -33.8955
6.484,-34.7028, -34.0844
6.488,-34.8716, -34.2681
6.492,-35.0271, -34.4423
6.496,-35.1838, -34.6123
6.500,-35.3385, -34.7772
6.504,-35.4892, -34.9377
6.508,-35.6363, -35.0946
6.512,-35.7759, -35.2476
6.516,-35.9065, -35.3975
6.520,-36.0362, -35.5427
6.524,-36.1539, -35.6822
6.528,-36.2636, -35.8154
6.532,-36.3728, -35.9416
6.536,-36.4719, -36.0611
6.540,-36.5714, -36.1743
6.544,-36.6566, -36.2811
6.548,-36.7436, -36.3825
6.552,-36.8243, -36.4787
6.556,-36.8982, -36.5690
6.560,-36.9672, -36.6544
6.564,-37.0283, -36.7341
6.568,-37.0786, -36.8087
6.572,-37.1269, -36.8765
6.576,-37.1627, -36.9374
6.580,-37.1895, -36.9907
6.584,-37.2120, -37.0361
6.588,-37.2273, -37.0735
6.592,-37.2325, -37.1033
6.596,-37.2400, -37.1253
6.600,-37.2336, -37.1408
6.604,-37.2298, -37.1503
6.608,-37.2191, -37.1541
6.612,-37.2037, -37.1528
6.616,-37.1842, -37.1472
6.620,-37.1582, -37.1367
6.624,-37.1278, -37.1220
6.628,-37.0909, -37.1021
6.632,-37.0469, -37.0770
6.636,-36.9987, -37.0463
6.640,-36.9430, -37.0098
6.644,-36.8824, -36.9673
6.648,-36.8222, -36.9190
6.652,-36.7499, -36.8653
6.656,-36.6803, -36.8067
6.660,-36.6039, -36.7434
6.664,-36.5147, -36.6758
6.668,-36.4434, -36.6038
6.672,-36.3383, -36.5271
6.676,-36.2452, -36.4462
6.680,-36.1420, -36.3600
6.684,-36.0339, -36.2684
6.688,-35.9213, -36.1721
6.692,-35.8045, -36.0689
6.696,-35.6819, -35.9625
6.700,-35.5611, -35.8507
6.704,-35.4290, -35.7346
6.708,-35.2996, -35.6145
6.712,-35.1640, -35.4907
6.716,-35.0238, -35.3631
6.720,-34.8803, -35.2320
6.724,-34.7299, -35.0966
6.728,-34.5752, -34.9575
6.732,-34.4138, -34.8134
6.736,-34.2465, -34.6642
6.740,-34.0739, -34.5096
6.744,-33.8953, -34.3491
6.748,-33.7114, -34.1830
6.752,-33.5208, -34.0110
6.756,-33.3301, -33.8335
6.760,-33.1312, -33.6507
6.764,-32.9190, -33.4627
6.768,-32.7433, -33.2699
6.772,-32.5105, -33.0738
6.776,-32.3098, -32.8742
6.780,-32.0921, -32.6711
6.784,-31.8715, -32.4643
6.788,-31.6445, -32.2542
6.792,-31.4156, -32.0367
6.796,-31.1854, -31.8182
6.800,-30.9483, -31.5938
6.804,-30.7078, -31.3658
6.808,-30.4700, -31.1342
6.812,-30.2232, -30.8997
6.816,-29.9771, -30.6619
6.820,-29.7272, -30.4211
6.824,-29.4780, -30.1778
6.828,-29.2225, -29.9321
6.832,-28.9639, -29.6834
6.836,-28.7018, -29.4325
6.840,-28.4377, -29.1785
6.844,-28.1693, -28.9212
6.848,-27.9007, -28.6603
6.852,-27.6288, -28.3967
6.856,-27.3536, -28.1303
6.860,-27.0795, -27.8616
6.864,-26.7821, -27.5901
6.868,-26.5399, -27.3161
6.872,-26.2284, -27.0404
6.876,-25.9636, -26.7634
6.880,-25.6794, -26.4857
6.884,-25.3942, -26.2068
6.888,-25.1041, -25.9284
6.892,-24.8092, -25.6439
6.896,-24.5119, -25.3606
6.900,-24.2106, -25.0712
6.904,-23.9042, -24.7783
6.908,-23.5954, -24.4813
6.912,-23.2820, -24.1805
6.916,-22.9668, -23.8761
6.920,-22.6469, -23.5679
6.924,-22.3300, -23.2563
6.928,-22.0092, -22.9420
6.932,-21.6820, -22.6253
6.936,-21.3525, -22.3064
6.940,-21.0186, -21.9848
6.944,-20.6797, -21.6601
6.948,-20.3374, -21.3311
6.952,-19.9922, -20.9979
6.956,-19.6451, -20.6609
6.960,-19.2933, -20.3202
6.964,-18.9378, -19.9762
6.968,-18.5602, -19.6285
6.972,-18.2448, -19.2771
6.976,-17.8437, -18.9233
6.980,-17.5023, -18.5670
6.984,-17.1415, -18.2095
6.988,-16.7777, -17.8510
6.992,-16.4073, -17.4933
6.996,-16.0339, -17.1293
7.000,-15.6606, -16.7681
7.004,-15.2808, -16.4005
7.008,-14.8959, -16.0293
7.012,-14.5134, -15.6544
7.016,-14.1259, -15.2766
7.020,-13.7371, -14.8958
7.024,-13.3419, -14.5120
7.028,-12.9504, -14.1257
7.032,-12.5594, -13.7375
7.036,-12.1576, -13.3470
7.040,-11.7573, -12.9546
7.044,-11.3573, -12.5603
7.048,-10.9426, -12.1638
7.052,-10.5280, -11.7637
7.056,-10.1206, -11.3595
7.060,-9.6942, -10.9521
7.064,-9.2671, -10.5406
7.068,-8.8220, -10.1243
7.072,-8.4345, -9.7041
7.076,-7.9560, -9.2807
7.080,-7.5357, -8.8526
7.084,-7.1132, -8.4229
7.088,-6.6744, -7.9914
7.092,-6.2190, -7.5602
7.096,-5.7830, -7.1228
7.100,-5.3261, -6.6884
7.104,-4.8495, -6.2466
7.108,-4.3841, -5.7971
7.112,-3.9138, -5.3412
7.116,-3.4162, -4.8795
7.120,-2.9391, -4.4092
7.124,-2.4724, -3.9338
7.128,-1.9841, -3.4568
7.132,-1.4977, -2.9776
7.136,-1.0095, -2.4973
7.140,-0.5367, -2.0179
7.144,-0.0384, -1.5361
7.148,0.4692, -1.0509
7.152,0.9683, -0.5636
7.156,1.4834, -0.0718
7.160,2.0184, 0.4263
7.164,2.5302, 0.9337
7.168,3.0675, 1.4469
7.172,3.5458, 1.9642
7.176,4.1259, 2.4843
7.180,4.6212, 3.0055
7.184,5.1443, 3.5260
7.188,5.6860, 4.0492
7.192,6.2187, 4.5724
7.196,6.7376, 5.1019
7.200,7.2847, 5.6262
7.204,7.8339, 6.1575
7.208,8.3794, 6.6919
7.212,8.9438, 7.2294
7.216,9.5087, 7.7731
7.220,10.0779, 8.3251
7.224,10.6507, 8.8821
7.228,11.2365, 9.4446
7.232,11.8176, 10.0136
7.236,12.4069, 10.5869
7.240,12.9998, 11.1652
7.244,13.5888, 11.7479
7.248,14.1785, 12.3341
7.252,14.7730, 12.9219
7.256,15.3770, 13.5117
7.260,15.9829, 14.1034
7.264,16.5859, 14.6979
7.268,17.2134, 15.2968
7.272,17.7230, 15.8984
7.276,18.3385, 16.4963
7.280,18.8330, 17.0846
7.284,19.3074, 17.6558
7.288,19.8084, 18.2044
7.292,20.2359, 18.7244
7.296,20.6870, 19.2258
7.300,21.0861, 19.6956
7.304,21.4333, 20.1474
7.308,21.7510, 20.5753
7.312,22.0429, 20.9689
7.316,22.2700, 21.3303
7.320,22.4531, 21.6497
7.324,22.6233, 21.9287
7.328,22.7536, 22.1686
7.332,22.8438, 22.3694
7.336,22.9083, 22.5326
7.340,22.9742, 22.6642
7.344,22.9572, 22.7667
7.348,22.9517, 22.8381
7.352,22.9147, 22.8807
7.356,22.8345, 22.8957
7.360,22.7415, 22.8829
7.364,22.6331, 22.8404
7.368,22.4899, 22.7760
7.372,22.3237, 22.6853
7.376,22.1711, 22.5712
7.380,21.9526, 22.4375
7.384,21.7490, 22.2830
7.388,21.5258, 22.1086
7.392,21.2916, 21.9172
7.396,21.0498, 21.7107
7.400,20.8124, 21.4889
7.404,20.5718, 21.2609
7.408,20.3389, 21.0258
7.412,20.1091, 20.7884
7.416,19.8791, 20.5518
7.420,19.6596, 20.3181
7.424,19.4533, 20.0879
7.428,19.2550, 19.8633
7.432,19.0636, 19.6457
7.436,18.9009, 19.4370
7.440,18.7482, 19.2400
7.444,18.5865, 19.0555
7.448,18.4283, 18.8826
7.452,18.2772, 18.7190
7.456,18.1331, 18.5620
7.460,17.9920, 18.4075
7.464,17.8608, 18.2563
7.468,17.7410, 18.1110
7.472,17.6239, 17.9727
7.476,17.5320, 17.8420
7.480,17.4359, 17.7203
7.484,17.3676, 17.6090
7.488,17.3122, 17.5092
7.492,17.2554, 17.4217
7.496,17.2033, 17.3472
7.500,17.1459, 17.2821
7.504,17.1075, 17.2252
7.508,17.0670, 17.1722
7.512,17.0337, 17.1225
7.516,17.0084, 17.0778
7.520,16.9852, 17.0386
7.524,16.9625, 17.0057
7.528,16.9443, 16.9769
7.532,16.9347, 16.9525
7.536,16.9326, 16.9322
7.540,16.9390, 16.9161
7.544,16.9527, 16.9061
7.548,16.9720, 16.9035
7.552,16.9994, 16.9085
7.556,17.0246, 16.9207
7.560,17.0689, 16.9394
7.564,17.1113, 16.9642
7.568,17.1623, 16.9952
7.572,17.2240, 17.0328
7.576,17.2817, 17.0769
7.580,17.3653, 17.1283
7.584,17.4426, 17.1860
7.588,17.5430, 17.2518
7.592,17.6513, 17.3265
7.596,17.7665, 17.4108
7.600,17.8892, 17.5064
7.604,18.0207, 17.6109
7.608,18.1669, 17.7257
7.612,18.3061, 17.8487
7.616,18.4406, 17.9789
7.620,18.5678, 18.1143
7.624,18.6916, 18.2510
7.628,18.8121, 18.3853
7.632,18.9277, 18.5143
7.636,19.0402, 18.6386
7.640,19.1508, 18.7587
7.644,19.2706, 18.8755
7.648,19.3912, 18.9904
7.652,19.4960, 19.1049
7.656,19.5842, 19.2188
7.660,19.6687, 19.3297
7.664,19.7433, 19.4343
7.668,19.8148, 19.5291
7.672,19.8847, 19.6139
7.676,19.9385, 19.6914
7.680,19.9967, 19.7631
7.684,20.0369, 19.8288
7.688,20.0686, 19.8882
7.692,20.0917, 19.9398
7.696,20.1020, 19.9822
7.700,20.1008, 20.0154
7.704,20.0920, 20.0374
7.708,20.0723, 20.0492
7.712,20.0456, 20.0507
7.716,20.0196, 20.0424
7.720,19.9781, 20.0258
7.724,19.9367, 20.0020
7.728,19.8911, 19.9717
7.732,19.8411, 19.9359
7.736,19.7849, 19.8949
7.740,19.7265, 19.8488
7.744,19.6647, 19.7989
7.748,19.5976, 19.7448
7.752,19.5277, 19.6865
7.756,19.4572, 19.6245
7.760,19.3853, 19.5592
7.764,19.3144, 19.4911
7.768,19.2442, 19.4211
7.772,19.1758, 19.3505
7.776,19.1038, 19.2800
7.780,19.0479, 19.2100
7.784,18.9815, 19.1415
7.788,18.9424, 19.0755
7.792,18.9092, 19.0140
7.796,18.8808, 18.9593
7.800,18.8545, 18.9136
7.804,18.8329, 18.8756
7.808,18.8168, 18.8458
7.812,18.8046, 18.8202
7.816,18.7969, 18.7989
7.820,18.7891, 18.7817
7.824,18.7909, 18.7687
7.828,18.7920, 18.7598
7.832,18.7968, 18.7545
7.836,18.8051, 18.7528
7.840,18.8166, 18.7543
7.844,18.8290, 18.7593
7.848,18.8436, 18.7668
7.852,18.8598, 18.7770
7.856,18.8774, 18.7895
7.860,18.8958, 18.8038
7.864,18.9140, 18.8195
7.868,18.9340, 18.8365
7.872,18.9542, 18.8544
7.876,18.9722, 18.8731
7.880,18.9930, 18.8922
7.884,19.0144, 18.9117
7.888,19.0332, 18.9314
7.892,19.0529, 18.9513
7.896,19.0743, 18.9712
7.900,19.0945, 18.9914
7.904,19.1173, 19.0116
7.908,19.1391, 19.0321
7.912,19.1615, 19.0532
7.916,19.1848, 19.0748
7.920,19.2064, 19.0968
7.924,19.2268, 19.1192
7.928,19.2487, 19.1413
7.932,19.2658, 19.1631
7.936,19.2850, 19.1841
7.940,19.3022, 19.2042
7.944,19.3193, 19.2234
7.948,19.3358, 19.2418
7.952,19.3508, 19.2593
7.956,19.3646, 19.2763
7.960,19.3743, 19.2922
7.964,19.3813, 19.3069
7.968,19.3850, 19.3196
7.972,19.3871, 19.3298
7.976,19.3846, 19.3371
7.980,19.3853, 19.3415
7.984,19.3786, 19.3435
7.988,19.3730, 19.3433
7.992,19.3653, 19.3411
7.996,19.3534, 19.3369
8.000,19.3393, 19.3308
8.004,19.3214, 19.3220
8.008,19.3021, 19.3109
8.012,19.2798, 19.2969
8.016,19.2558, 19.2800
8.020,19.2308, 19.2607
8.024,19.2042, 19.2392
8.028,19.1759, 19.2158
8.032,19.1490, 19.1908
8.036,19.1235, 19.1648
8.040,19.0967, 19.1381
8.044,19.0719, 19.1113
8.048,19.0518, 19.0850
8.052,19.0341, 19.0599
8.056,19.0161, 19.0364
8.060,18.9995, 19.0150
8.064,18.9837, 18.9956
8.068,18.9689, 18.9780
8.072,18.9555, 18.9613
8.076,18.9422, 18.9455
8.080,18.9356, 18.9309
8.084,18.9257, 18.9176
8.088,18.9186, 18.9059
8.092,18.9139, 18.8959
8.096,18.9102, 18.8875
8.100,18.9077, 18.8808
8.104,18.9078, 18.8752
8.108,18.9093, 18.8715
8.112,18.9126, 18.8695
8.116,18.9188, 18.8691
8.120,18.9276, 18.8706
8.124,18.9377, 18.8743
8.128,18.9509, 18.8801
8.132,18.9676, 18.8883
8.136,18.9880, 18.8990
8.140,19.0070, 18.9123
8.144,19.0317, 18.9282
8.148,19.0541, 18.9467
8.152,19.0799, 18.9673
8.156,19.1054, 18.9896
8.160,19.1299, 19.0130
8.164,19.1559, 19.0375
8.168,19.1833, 19.0624
8.172,19.2082, 19.0880
8.176,19.2321, 19.1136
8.180,19.2593, 19.1392
8.184,19.2822, 19.1648
8.188,19.3085, 19.1901
8.192,19.3319, 19.2150
8.196,19.3554, 19.2399
8.200,19.3804, 19.2645
8.204,19.4020, 19.2886
8.208,19.4244, 19.3126
8.212,19.4468, 19.3359
8.216,19.4670, 19.3588
8.220,19.4861, 19.3810
8.224,19.5088, 19.4025
8.228,19.5289, 19.4236
8.232,19.5503, 19.4443
8.236,19.5745, 19.4651
8.240,19.6010, 19.4865
8.244,19.6270, 19.5090
8.248,19.6570, 19.5325
8.252,19.6871, 19.5579
8.256,19.7197, 19.5851
8.260,19.7543, 19.6139
8.264,19.7921, 19.6444
8.268,19.8332, 19.6771
8.272,19.8772, 19.7119
8.276,19.9235, 19.7496
8.280,19.9735, 19.7901
8.284,20.0214, 19.8335
8.288,20.0790, 19.8794
8.292,20.1294, 19.9278
8.296,20.1880, 19.9784
8.300,20.2437, 20.0309
8.304,20.3074, 20.0850
8.308,20.3669, 20.1413
8.312,20.4320, 20.1990
8.316,20.4998, 20.2592
8.320,20.5691, 20.3212
8.324,20.6366, 20.3856
8.328,20.7081, 20.4516
8.332,20.7797, 20.5196
8.336,20.8494, 20.5888
8.340,20.9178, 20.6585
8.344,20.9872, 20.7285
8.348,21.0526, 20.7984
8.352,21.1049, 20.8670
8.356,21.1525, 20.9329
8.360,21.1436, 20.9932
8.364,20.9951, 21.0390
8.368,20.8729, 21.0541
8.372,20.6435, 21.0232
8.376,20.1272, 20.9287
8.380,19.7234, 20.7487
8.384,19.2622, 20.4768
8.388,18.4692, 20.1175
8.392,17.8837, 19.6590
8.396,17.1458, 19.1165
8.400,16.2056, 18.5134
8.404,15.2902, 17.8233
8.408,14.3446, 17.0496
8.412,13.3431, 16.2217
8.416,12.3197, 15.3139
8.420,11.2470, 14.3557
8.424,10.3688, 13.3751
8.428,9.4614, 12.3804
8.432,8.4611, 11.3922
8.436,7.5373, 10.4251
8.440,6.6449, 9.4791
8.444,5.6698, 8.5510
8.448,4.7187, 7.6138
8.452,3.8010, 6.6743
8.456,2.7705, 5.7392
8.460,1.8601, 4.7934
8.464,0.7515, 3.8334
8.468,-0.2939, 2.8608
8.472,-1.3789, 1.8637
8.476,-2.5201, 0.8324
8.480,-3.7012, -0.2250
8.484,-4.6354, -1.3200
8.488,-5.7333, -2.4144
8.492,-6.6010, -3.5010
8.496,-7.4635, -4.5510
8.500,-8.2429, -5.5417
8.504,-8.9427, -6.4592
8.508,-9.6157, -7.3214
8.512,-10.2628, -8.1031
8.516,-10.8785, -8.8345
8.520,-11.4474, -9.5162
8.524,-12.0089, -10.1601
8.528,-12.5633, -10.7748
8.532,-13.1295, -11.3636
8.536,-13.7012, -11.9340
8.540,-14.2967, -12.4966
8.544,-14.9117, -13.0634
8.548,-15.5307, -13.6403
8.552,-16.1542, -14.2311
8.556,-16.7818, -14.8349
8.560,-17.3978, -15.4495
8.564,-18.0151, -16.0691
8.568,-18.6245, -16.6890
8.572,-19.2586, -17.3078
8.576,-19.8770, -17.9254
8.580,-20.4843, -18.5424
8.584,-21.1283, -19.1606
8.588,-21.6535, -19.7782
8.592,-22.2772, -20.3904
8.596,-22.8162, -20.9912
8.600,-23.3860, -21.5799
8.604,-23.9474, -22.1576
8.608,-24.5132, -22.7228
8.612,-25.0857, -23.2909
8.616,-25.6617, -23.8518
8.620,-26.2362, -24.4187
8.624,-26.7910, -24.9870
8.628,-27.3552, -25.5564
8.632,-27.9190, -26.1243
8.636,-28.4778, -26.6892
8.640,-29.0348, -27.2508
8.644,-29.5779, -27.8097
8.648,-30.1037, -28.3666
8.652,-30.6029, -28.9164
8.656,-31.0715, -29.4543
8.660,-31.5053, -29.9745
8.664,-31.9308, -30.4714
8.668,-32.3341, -30.9426
8.672,-32.7098, -31.3883
8.676,-33.1093, -31.8117
8.680,-33.4529, -32.2171
8.684,-33.8241, -32.6081
8.688,-34.1026, -32.9844
8.692,-34.4284, -33.3442
8.696,-34.7147, -33.6871
8.700,-35.0207, -34.0091
8.704,-35.3266, -34.3198
8.708,-35.6384, -34.6204
8.712,-35.9490, -34.9250
8.716,-36.2536, -35.2287
8.720,-36.5514, -35.5361
8.724,-36.8426, -35.8425
8.728,-37.1254, -36.1457
8.732,-37.4056, -36.4433
8.736,-37.6883, -36.7346
8.740,-37.9645, -37.0206
8.744,-38.2227, -37.3022
8.748,-38.4689, -37.5789
8.752,-38.7112, -37.8491
8.756,-38.9487, -38.1105
8.760,-39.1778, -38.3619
8.764,-39.3981, -38.6043
8.768,-39.6140, -38.8399
8.772,-39.8305, -39.0692
8.776,-40.0423, -39.2925
8.780,-40.2673, -39.5111
8.784,-40.4673, -39.7272
8.788,-40.6415, -39.9408
8.792,-40.8444, -40.1498
8.796,-41.0073, -40.3515
8.800,-41.1753, -40.5443
8.804,-41.3417, -40.7268
8.808,-41.5025, -40.9021
8.812,-41.6539, -41.0728
8.816,-41.7995, -41.2354
8.820,-41.9366, -41.3943
8.824,-42.0730, -41.5471
8.828,-42.2138, -41.6935
8.832,-42.3561, -41.8351
8.836,-42.5466, -41.9758
8.840,-42.7352, -42.1214
8.844,-42.8979, -42.2772
8.848,-43.0281, -42.4426
8.852,-43.1465, -42.6104
8.856,-43.2527, -42.7710
8.860,-43.3549, -42.9127
8.864,-43.4721, -43.0369
8.868,-43.5731, -43.1500
8.872,-43.6451, -43.2578
8.876,-43.7073, -43.3598
8.880,-43.7577, -43.4535
8.884,-43.7985, -43.5347
8.888,-43.8342, -43.6003
8.892,-43.8555, -43.6528
8.896,-43.8876, -43.6960
8.900,-43.9110, -43.7317
8.904,-43.9287, -43.7620
8.908,-43.9453, -43.7883
8.912,-43.9598, -43.8113
8.916,-43.9573, -43.8317
8.920,-43.9450, -43.8464
8.924,-43.9302, -43.8550
8.928,-43.9083, -43.8560
8.932,-43.8774, -43.8485
8.936,-43.8468, -43.8329
8.940,-43.8223, -43.8115
8.944,-43.7835, -43.7860
8.948,-43.7464, -43.7570
8.952,-43.7052, -43.7254
8.956,-43.6631, -43.6915
8.960,-43.6202, -43.6547
8.964,-43.5775, -43.6145
8.968,-43.5303, -43.5732
8.972,-43.4855, -43.5304
8.976,-43.4461, -43.4868
8.980,-43.4138, -43.4432
8.984,-43.4114, -43.4017
8.988,-43.4267, -43.3665
8.992,-43.4561, -43.3432
8.996,-43.4616, -43.3346
9.000,-43.4663, -43.3393
9.004,-43.4665, -43.3518
9.008,-43.4742, -43.3640
9.012,-43.4773, -43.3723
9.016,-43.4754, -43.3762
9.020,-43.4634, -43.3792
9.024,-43.4464, -43.3798
9.028,-43.4219, -43.3765
9.032,-43.3915, -43.3666
9.036,-43.3257, -43.3492
9.040,-43.2278, -43.3212
9.044,-43.1206, -43.2783
9.048,-43.0150, -43.2162
9.052,-42.8988, -43.1342
9.056,-42.7795, -43.0354
9.060,-42.6481, -42.9267
9.064,-42.5184, -42.8122
9.068,-42.3785, -42.6922
9.072,-42.2282, -42.5654
9.076,-42.0753, -42.4325
9.080,-41.9166, -42.2928
9.084,-41.7479, -42.1468
9.088,-41.5628, -41.9934
9.092,-41.4080, -41.8331
9.096,-41.2064, -41.6671
9.100,-41.0355, -41.4954
9.104,-40.8493, -41.3195
9.108,-40.6619, -41.1404
9.112,-40.4733, -40.9599
9.116,-40.2806, -40.7746
9.120,-40.0866, -40.5896
9.124,-39.8936, -40.4006
9.128,-39.7022, -40.2099
9.132,-39.5189, -40.0183
9.136,-39.3464, -39.8274
9.140,-39.1950, -39.6402
9.144,-39.0448, -39.4601
9.148,-38.8960, -39.2895
9.152,-38.7500, -39.1287
9.156,-38.6028, -38.9756
9.160,-38.4612, -38.8273
9.164,-38.3194, -38.6806
9.168,-38.1813, -38.5356
9.172,-38.0446, -38.3927
9.176,-37.8903, -38.2513
9.180,-37.7230, -38.1099
9.184,-37.5460, -37.9645
9.188,-37.3409, -37.8111
9.192,-37.1740, -37.6464
9.196,-36.9506, -37.4702
9.200,-36.7497, -37.2844
9.204,-36.5487, -37.0911
9.208,-36.3459, -36.8922
9.212,-36.1643, -36.6923
9.216,-35.9575, -36.4895
9.220,-35.7733, -36.2922
9.224,-35.5748, -36.0969
9.228,-35.3695, -35.9028
9.232,-35.1666, -35.7084
9.236,-34.9367, -35.5097
9.240,-34.7001, -35.3071
9.244,-34.4653, -35.0949
9.248,-34.2238, -34.8739
9.252,-33.9737, -34.6445
9.256,-33.7281, -34.4074
9.260,-33.4752, -34.1664
9.264,-33.2242, -33.9220
9.268,-32.9662, -33.6742
9.272,-32.7156, -33.4239
9.276,-32.4545, -33.1723
9.280,-32.1914, -32.9184
9.284,-31.9295, -32.6627
9.288,-31.6453, -32.4042
9.292,-31.4038, -32.1427
9.296,-31.1071, -31.8780
9.300,-30.8502, -31.6112
9.304,-30.5707, -31.3429
9.308,-30.2938, -31.0725
9.312,-30.0208, -30.8020
9.316,-29.7374, -30.5268
9.320,-29.4576, -30.2532
9.324,-29.1763, -29.9758
9.328,-28.9062, -29.6978
9.332,-28.6204, -29.4195
9.336,-28.3431, -29.1407
9.340,-28.0818, -28.8631
9.344,-27.8040, -28.5870
9.348,-27.5265, -28.3126
9.352,-27.2534, -28.0386
9.356,-26.9817, -27.7661
9.360,-26.7478, -27.4944
9.364,-26.5043, -27.2253
9.368,-26.2689, -26.9644
9.372,-26.0291, -26.7132
9.376,-25.7882, -26.4699
9.380,-25.5459, -26.2316
9.384,-25.2933, -25.9920
9.388,-25.0093, -25.7502
9.392,-24.6947, -25.5008
9.396,-24.4186, -25.2397
9.400,-24.0967, -24.9645
9.404,-23.8088, -24.6759
9.408,-23.4919, -24.3783
9.412,-23.1956, -24.0773
9.416,-22.8847, -23.7765
9.420,-22.5685, -23.4712
9.424,-22.2601, -23.1666
9.428,-21.9455, -22.8580
9.432,-21.6308, -22.5488
9.436,-21.3116, -22.2366
9.440,-20.9955, -21.9233
9.444,-20.6663, -21.6089
9.448,-20.3368, -21.2916
9.452,-20.0092, -20.9713
9.456,-19.6677, -20.6474
9.460,-19.3316, -20.3198
9.464,-18.9897, -19.9881
9.468,-18.6372, -19.6534
9.472,-18.2923, -19.3150
9.476,-17.9367, -18.9725
9.480,-17.5837, -18.6272
9.484,-17.2206, -18.2783
9.488,-16.8636, -17.9262
9.492,-16.4850, -17.5716
9.496,-16.1537, -17.2133
9.500,-15.7406, -16.8532
9.504,-15.3899, -16.4898
9.508,-15.0123, -16.1238
9.512,-14.6335, -15.7542
9.516,-14.2503, -15.3833
9.520,-13.8667, -15.0060
9.524,-13.4849, -14.6315
9.528,-13.0949, -14.2510
9.532,-12.7090, -13.8687
9.536,-12.3133, -13.4847
9.540,-11.9311, -13.0989
9.544,-11.5432, -12.7119
9.548,-11.1386, -12.3237
9.552,-10.7493, -11.9347
9.556,-10.3592, -11.5442
9.560,-9.9462, -11.1526
9.564,-9.5515, -10.7578
9.568,-9.1522, -10.3610
9.572,-8.7410, -9.9635
9.576,-8.3389, -9.5631
9.580,-7.9320, -9.1606
9.584,-7.5157, -8.7581
9.588,-7.1066, -8.3525
9.592,-6.6691, -7.9440
9.596,-6.3001, -7.5335
9.600,-5.8422, -7.1213
9.604,-5.4438, -6.7077
9.608,-5.0172, -6.2939
9.612,-4.5897, -5.8777
9.616,-4.1454, -5.4609
9.620,-3.7119, -5.0345
9.624,-3.2710, -4.6086
9.628,-2.8126, -4.1744
9.632,-2.3697, -3.7358
9.636,-1.9146, -3.2930
9.640,-1.4627, -2.8475
9.644,-0.9968, -2.3982
9.648,-0.5442, -1.9460
9.652,-0.0802, -1.4926
9.656,0.4008, -1.0353
9.660,0.8729, -0.5748
9.664,1.3495, -0.1096
9.668,1.8476, 0.3596
9.672,2.3336, 0.8356
9.676,2.8190, 1.3164
9.680,3.3292, 1.8005
9.684,3.8229, 2.2894
9.688,4.3234, 2.7823
9.692,4.8447, 3.2774
9.696,5.3032, 3.7760
9.700,5.8622, 4.2766
9.704,6.3280, 4.7772
9.708,6.8546, 5.2795
9.712,7.3695, 5.7836
9.716,7.8853, 6.2883
9.720,8.4221, 6.8013
9.724,8.9482, 7.3126
9.728,9.4785, 7.8346
9.732,10.0249, 8.3589
9.736,10.5638, 8.8881
9.740,11.1066, 9.4218
9.744,11.6526, 9.9579
9.748,12.2020, 10.4979
9.752,12.7501, 11.0406
9.756,13.2974, 11.5845
9.760,13.8498, 12.1304
9.764,14.4069, 12.6778
9.768,14.9664, 13.2269
9.772,15.5263, 13.7780
9.776,16.0793, 14.3319
9.780,16.6220, 14.8874
9.784,17.1499, 15.4415
9.788,17.6620, 15.9903
9.792,18.1915, 16.5306
9.796,18.6655, 17.0608
9.800,19.0866, 17.5778
9.804,19.5514, 18.0775
9.808,19.9212, 18.5559
9.812,20.3212, 19.0096
9.816,20.6846, 19.4359
9.820,20.9902, 19.8400
9.824,21.3038, 20.2231
9.828,21.5870, 20.5767
9.832,21.7906, 20.9078
9.836,21.9674, 21.2059
9.840,22.1344, 21.4693
9.844,22.2393, 21.6980
9.848,22.3473, 21.8872
9.852,22.3960, 22.0405
9.856,22.4464, 22.1653
9.860,22.4652, 22.2618
9.864,22.4399, 22.3293
9.868,22.3852, 22.3717
9.872,22.2982, 22.3837
9.876,22.1868, 22.3670
9.880,22.0542, 22.3172
9.884,21.8905, 22.2367
9.888,21.7140, 22.1293
9.892,21.5242, 21.9973
9.896,21.2973, 21.8432
9.900,21.1126, 21.6692
9.904,20.8424, 21.4784
9.908,20.6219, 21.2733
9.912,20.3734, 21.0553
9.916,20.1252, 20.8263
9.920,19.8747, 20.5910
9.924,19.6175, 20.3457
9.928,19.3726, 20.1012
9.932,19.1292, 19.8516
9.936,18.8770, 19.6021
9.940,18.6397, 19.3536
9.944,18.4147, 19.1074
9.948,18.1862, 18.8655
9.952,17.9733, 18.6281
9.956,17.7864, 18.3977
9.960,17.6015, 18.1777
9.964,17.4424, 17.9691
9.968,17.3138, 17.7742
9.972,17.1603, 17.5966
9.976,17.0053, 17.4339
9.980,16.8569, 17.2805
9.984,16.7153, 17.1330
9.988,16.5797, 16.9862
9.992,16.4609, 16.8392
9.996,16.3514, 16.6985
10.000,16.2683, 16.5671
10.004,16.1873, 16.4473
10.008,16.1495, 16.3416
10.012,16.1244, 16.2531
10.016,16.1021, 16.1832
10.020,16.0510, 16.1314
10.024,16.0032, 16.0913
10.028,15.9577, 16.0567
10.032,15.9153, 16.0184
10.036,15.8775, 15.9754
10.040,15.8457, 15.9304
10.044,15.8380, 15.8893
10.048,15.8275, 15.8543
10.052,15.8048, 15.8267
10.056,15.7857, 15.8058
10.060,15.7654, 15.7888
10.064,15.7537, 15.7729
10.068,15.7406, 15.7551
10.072,15.7367, 15.7376
10.076,15.7360, 15.7235
10.080,15.7422, 15.7132
10.084,15.7571, 15.7080
10.088,15.7790, 15.7081
10.092,15.8040, 15.7148
10.096,15.8426, 15.7281
10.100,15.8817, 15.7485
10.104,15.9408, 15.7761
10.108,16.0014, 15.8114
10.112,16.0665, 15.8549
10.116,16.1508, 15.9072
10.120,16.2333, 15.9678
10.124,16.3241, 16.0370
10.128,16.4214, 16.1132
10.132,16.5240, 16.1969
10.136,16.6330, 16.2874
10.140,16.7461, 16.3832
10.144,16.8632, 16.4851
10.148,16.9867, 16.5925
10.152,17.1238, 16.7051
10.156,17.2699, 16.8238
10.160,17.4130, 16.9494
10.164,17.5406, 17.0819
10.168,17.6672, 17.2187
10.172,17.7880, 17.3558
10.176,17.9095, 17.4888
10.180,18.0286, 17.6162
10.184,18.1409, 17.7390
10.188,18.2468, 17.8591
10.192,18.3467, 17.9756
10.196,18.4429, 18.0878
10.200,18.5332, 18.1945
10.204,18.6091, 18.2954
10.208,18.6933, 18.3902
10.212,18.7585, 18.4792
10.216,18.8217, 18.5619
10.220,18.8839, 18.6384
10.224,18.9344, 18.7087
10.228,18.9815, 18.7737
10.232,19.0258, 18.8321
10.236,19.0626, 18.8857
10.240,19.0912, 18.9340
10.244,19.1157, 18.9762
10.248,19.1351, 19.0130
10.252,19.1465, 19.0439
10.256,19.1525, 19.0685
10.260,19.1534, 19.0871
10.264,19.1476, 19.0999
10.268,19.1367, 19.1068
10.272,19.1262, 19.1077
10.276,19.1045, 19.1036
10.280,19.0812, 19.0945
10.284,19.0542, 19.0807
10.288,19.0210, 19.0624
10.292,18.9838, 19.0395
10.296,18.9414, 19.0116
10.300,18.8911, 18.9794
10.304,18.8478, 18.9423
10.308,18.7907, 18.9007
10.312,18.7418, 18.8553
10.316,18.6901, 18.8070
10.320,18.6408, 18.7569
10.324,18.5931, 18.7064
10.328,18.5448, 18.6556
10.332,18.5002, 18.6065
10.336,18.4574, 18.5582
10.340,18.4178, 18.5115
10.344,18.3818, 18.4667
10.348,18.3539, 18.4244
10.352,18.3395, 18.3858
10.356,18.3406, 18.3528
10.360,18.3448, 18.3277
10.364,18.3502, 18.3121
10.368,18.3585, 18.3059
10.372,18.3699, 18.3071
10.376,18.3834, 18.3129
10.380,18.3953, 18.3211
10.384,18.4119, 18.3314
10.388,18.4270, 18.3435
10.392,18.4433, 18.3571
10.396,18.4605, 18.3717
10.400,18.4756, 18.3870
10.404,18.4943, 18.4032
10.408,18.5122, 18.4195
10.412,18.5284, 18.4364
10.416,18.5461, 18.4535
10.420,18.5651, 18.4707
10.424,18.5829, 18.4883
10.428,18.6006, 18.5059
10.432,18.6170, 18.5237
10.436,18.6322, 18.5415
10.440,18.6468, 18.5588
10.444,18.6591, 18.5752
10.448,18.6704, 18.5905
10.452,18.6797, 18.6046
10.456,18.6873, 18.6172
10.460,18.6938, 18.6284
10.464,18.6999, 18.6379
10.468,18.6996, 18.6459
10.472,18.6964, 18.6521
10.476,18.6916, 18.6560
10.480,18.6864, 18.6572
10.484,18.6820, 18.6557
10.488,18.6783, 18.6520
10.492,18.6754, 18.6476
10.496,18.6741, 18.6433
10.500,18.6747, 18.6397
10.504,18.6801, 18.6373
10.508,18.6875, 18.6365
10.512,18.6946, 18.6380
10.516,18.7043, 18.6418
10.520,18.7124, 18.6478
10.524,18.7237, 18.6554
10.528,18.7358, 18.6640
10.532,18.7475, 18.6734
10.536,18.7631, 18.6840
10.540,18.7777, 18.6955
10.544,18.7953, 18.7085
10.548,18.8131, 18.7226
10.552,18.8316, 18.7379
10.556,18.8526, 18.7547
10.560,18.8741, 18.7724
10.564,18.8969, 18.7915
10.568,18.9209, 18.8117
10.572,18.9435, 18.8331
10.576,18.9676, 18.8555
10.580,18.9916, 18.8785
10.584,19.0130, 18.9018
10.588,19.0337, 18.9251
10.592,19.0548, 18.9479
10.596,19.0730, 18.9700
10.600,19.0898, 18.9911
10.604,19.1036, 19.0109
10.608,19.1197, 19.0294
10.612,19.1308, 19.0464
10.616,19.1389, 19.0616
10.620,19.1433, 19.0751
10.624,19.1428, 19.0863
10.628,19.1485, 19.0947
10.632,19.1531, 19.1002
10.636,19.1559, 19.1042
10.640,19.1581, 19.1075
10.644,19.1604, 19.1109
10.648,19.1623, 19.1144
10.652,19.1638, 19.1171
10.656,19.1640, 19.1192
10.660,19.1652, 19.1210
10.664,19.1669, 19.1224
10.668,19.1681, 19.1236
10.672,19.1694, 19.1247
10.676,19.1727, 19.1259
10.680,19.1751, 19.1275
10.684,19.1783, 19.1294
10.688,19.1826, 19.1317
10.692,19.1866, 19.1346
10.696,19.1920, 19.1380
10.700,19.1982, 19.1418
10.704,19.2050, 19.1463
10.708,1